chu_name,,Round,Setting,safe_water_pct,latrine_access_pct,flood_freq_pct,elevation_m,tree_cover_pct,shrubland_pct,grassland_pct,cropland_pct,builtup_pct,bare_sparse_pct,rwi
Buni,,1,Peri-Urban,87.2,56.1,4.912837,118.3810886,60.5,16.068,17.56,0.141,4.441,1.279,0.205952
Buni,,2,Peri-Urban,89,69.7,1.226087,118.3810886,60.5,16.068,17.56,0.141,4.441,1.279,0.205952
Buni,,3,Peri-Urban,86.3,67.6,0.620652,118.3810886,60.5,16.068,17.56,0.141,4.441,1.279,0.205952
Buni,,4,Peri-Urban,89.5,75.9,0.945082,118.3810886,60.5,16.068,17.56,0.141,4.441,1.279,0.205952
Buni,,5,Peri-Urban,94.3,81,2.879202,118.3810886,60.5,16.068,17.56,0.141,4.441,1.279,0.205952
Buni,,6,Peri-Urban,94.1,79.1,0.957309,118.3810886,60.5,16.068,17.56,0.141,4.441,1.279,0.205952
Buni,,8,Peri-Urban,96.5,88.1,1.510381,118.3810886,60.5,16.068,17.56,0.141,4.441,1.279,0.205952
Buni,,10,Peri-Urban,99.4,95.7,2.316673,118.3810886,60.5,16.068,17.56,0.141,4.441,1.279,0.205952
Buni,,12,Peri-Urban,95.9,90.1,2.24095,118.3810886,60.5,16.068,17.56,0.141,4.441,1.279,0.205952
Buni,,14,Peri-Urban,98.5,86.6,2.160491,118.3810886,60.5,16.068,17.56,0.141,4.441,1.279,0.205952
Buni,,16,Peri-Urban,90.3,86.7,1.71459,118.3810886,60.5,16.068,17.56,0.141,4.441,1.279,0.205952
Kibwabwani,,1,Rural,22.7,86,0.461839,280.4204162,7.17,28.248,62.716,1.494,0.329,0.036,-0.272738
Kibwabwani,,2,Rural,2.3,68.2,0.429499,280.4204162,7.17,28.248,62.716,1.494,0.329,0.036,-0.272738
Kibwabwani,,3,Rural,8,65.8,0.323121,280.4204162,7.17,28.248,62.716,1.494,0.329,0.036,-0.272738
Kibwabwani,,4,Rural,2.1,74,0.226132,280.4204162,7.17,28.248,62.716,1.494,0.329,0.036,-0.272738
Kibwabwani,,5,Rural,3.8,82,0.269026,280.4204162,7.17,28.248,62.716,1.494,0.329,0.036,-0.272738
Kibwabwani,,6,Rural,1.3,85.3,0.329749,280.4204162,7.17,28.248,62.716,1.494,0.329,0.036,-0.272738
Kibwabwani,,8,Rural,2.4,77.2,0.272884,280.4204162,7.17,28.248,62.716,1.494,0.329,0.036,-0.272738
Kibwabwani,,10,Rural,3.8,87,0.98639,280.4204162,7.17,28.248,62.716,1.494,0.329,0.036,-0.272738
Kibwabwani,,12,Rural,7.5,87.6,1.047709,280.4204162,7.17,28.248,62.716,1.494,0.329,0.036,-0.272738
Kibwabwani,,14,Rural,2.6,90.5,0.436823,280.4204162,7.17,28.248,62.716,1.494,0.329,0.036,-0.272738
Kibwabwani,,16,Rural,2.4,90.5,1.336008,280.4204162,7.17,28.248,62.716,1.494,0.329,0.036,-0.272738
Kombeni,,1,Rural,88,73.9,11.535856,163.3686102,18.183,28.32,49.887,2.046,1.482,0.075,0.03775
Kombeni,,2,Rural,93.6,80.3,1.149862,163.3686102,18.183,28.32,49.887,2.046,1.482,0.075,0.03775
Kombeni,,3,Rural,95.4,78.1,0.384483,163.3686102,18.183,28.32,49.887,2.046,1.482,0.075,0.03775
Kombeni,,4,Rural,85.2,86.2,0.494266,163.3686102,18.183,28.32,49.887,2.046,1.482,0.075,0.03775
Kombeni,,5,Rural,88.9,81.8,6.085176,163.3686102,18.183,28.32,49.887,2.046,1.482,0.075,0.03775
Kombeni,,6,Rural,90.6,77.3,0.641002,163.3686102,18.183,28.32,49.887,2.046,1.482,0.075,0.03775
Kombeni,,8,Rural,90.1,81,1.275603,163.3686102,18.183,28.32,49.887,2.046,1.482,0.075,0.03775
Kombeni,,10,Rural,96.9,96,4.343352,163.3686102,18.183,28.32,49.887,2.046,1.482,0.075,0.03775
Kombeni,,12,Rural,89.2,89.7,3.184029,163.3686102,18.183,28.32,49.887,2.046,1.482,0.075,0.03775
Kombeni,,14,Rural,87.8,89.8,1.754796,163.3686102,18.183,28.32,49.887,2.046,1.482,0.075,0.03775
Kombeni,,16,Rural,60.3,91.3,1.400695,163.3686102,18.183,28.32,49.887,2.046,1.482,0.075,0.03775
Kwale,,1,Rural,28.1,85,1.424522,193.7877817,78.464,7.949,8.883,3.323,1.346,0.036,-0.212774
Kwale,,2,Rural,50.6,75.5,0.085869,193.7877817,78.464,7.949,8.883,3.323,1.346,0.036,-0.212774
Kwale,,3,Rural,64.3,94.2,0.091511,193.7877817,78.464,7.949,8.883,3.323,1.346,0.036,-0.212774
Kwale,,4,Rural,68.2,98.3,0.13556,193.7877817,78.464,7.949,8.883,3.323,1.346,0.036,-0.212774
Kwale,,5,Rural,58.6,97.9,1.012055,193.7877817,78.464,7.949,8.883,3.323,1.346,0.036,-0.212774
Kwale,,6,Rural,70.7,96.2,0.036761,193.7877817,78.464,7.949,8.883,3.323,1.346,0.036,-0.212774
Kwale,,8,Rural,63.9,97.2,0.201788,193.7877817,78.464,7.949,8.883,3.323,1.346,0.036,-0.212774
Kwale,,10,Rural,49.1,97,0.398628,193.7877817,78.464,7.949,8.883,3.323,1.346,0.036,-0.212774
Kwale,,12,Rural,49.9,96.2,0.590154,193.7877817,78.464,7.949,8.883,3.323,1.346,0.036,-0.212774
Kwale,,14,Rural,12.4,96.5,0.073966,193.7877817,78.464,7.949,8.883,3.323,1.346,0.036,-0.212774
Kwale,,16,Rural,64.1,94.6,0.280901,193.7877817,78.464,7.949,8.883,3.323,1.346,0.036,-0.212774
Mnazimwenga,,1,Rural,17.1,28.5,27.047035,211.7052415,1.628,39.078,58.741,0.483,0.05,0.007,-0.329095
Mnazimwenga,,2,Rural,1.4,27.8,0.582329,211.7052415,1.628,39.078,58.741,0.483,0.05,0.007,-0.329095
Mnazimwenga,,3,Rural,0.7,28.6,6.623702,211.7052415,1.628,39.078,58.741,0.483,0.05,0.007,-0.329095
Mnazimwenga,,4,Rural,1.4,30.4,0.155385,211.7052415,1.628,39.078,58.741,0.483,0.05,0.007,-0.329095
Mnazimwenga,,5,Rural,4.7,30.6,7.004946,211.7052415,1.628,39.078,58.741,0.483,0.05,0.007,-0.329095
Mnazimwenga,,6,Rural,6.5,30.3,1.506867,211.7052415,1.628,39.078,58.741,0.483,0.05,0.007,-0.329095
Mnazimwenga,,8,Rural,1.6,28.5,1.248796,211.7052415,1.628,39.078,58.741,0.483,0.05,0.007,-0.329095
Mnazimwenga,,10,Rural,3,70.6,11.720478,211.7052415,1.628,39.078,58.741,0.483,0.05,0.007,-0.329095
Mnazimwenga,,12,Rural,5.9,59.9,10.326395,211.7052415,1.628,39.078,58.741,0.483,0.05,0.007,-0.329095
Mnazimwenga,,14,Rural,4.7,52.8,0.193297,211.7052415,1.628,39.078,58.741,0.483,0.05,0.007,-0.329095
Mnazimwenga,,16,Rural,14.3,38.6,6.64367,211.7052415,1.628,39.078,58.741,0.483,0.05,0.007,-0.329095
Mutsengo,,1,Rural,17.9,75.4,4.397993,241.5018333,24.778,40.219,31.742,2.979,0.265,0.016,-0.482394
Mutsengo,,2,Rural,4.4,67.4,0.478311,241.5018333,24.778,40.219,31.742,2.979,0.265,0.016,-0.482394
Mutsengo,,3,Rural,9.1,53.5,0.308482,241.5018333,24.778,40.219,31.742,2.979,0.265,0.016,-0.482394
Mutsengo,,4,Rural,6.2,60,0.210388,241.5018333,24.778,40.219,31.742,2.979,0.265,0.016,-0.482394
Mutsengo,,5,Rural,11.5,67.8,0.633714,241.5018333,24.778,40.219,31.742,2.979,0.265,0.016,-0.482394
Mutsengo,,6,Rural,10,61.7,0.325798,241.5018333,24.778,40.219,31.742,2.979,0.265,0.016,-0.482394
Mutsengo,,8,Rural,7.5,59.6,0.105484,241.5018333,24.778,40.219,31.742,2.979,0.265,0.016,-0.482394
Mutsengo,,10,Rural,4.4,76.6,1.025645,241.5018333,24.778,40.219,31.742,2.979,0.265,0.016,-0.482394
Mutsengo,,12,Rural,5.5,74.1,1.0357,241.5018333,24.778,40.219,31.742,2.979,0.265,0.016,-0.482394
Mutsengo,,14,Rural,5.1,78.6,0.238839,241.5018333,24.778,40.219,31.742,2.979,0.265,0.016,-0.482394
Mutsengo,,16,Rural,4.6,64.8,0.54422,241.5018333,24.778,40.219,31.742,2.979,0.265,0.016,-0.482394
Mwele-Kisurutini,,1,Peri-Urban,90.4,84.2,6.625881,158.0648202,38.634,34.414,20.922,0.456,5.371,0.203,0.434616
Mwele-Kisurutini,,2,Peri-Urban,97.1,91.6,0.469656,158.0648202,38.634,34.414,20.922,0.456,5.371,0.203,0.434616
Mwele-Kisurutini,,3,Peri-Urban,99.1,75.9,2.358223,158.0648202,38.634,34.414,20.922,0.456,5.371,0.203,0.434616
Mwele-Kisurutini,,4,Peri-Urban,97.9,87.8,0.429989,158.0648202,38.634,34.414,20.922,0.456,5.371,0.203,0.434616
Mwele-Kisurutini,,5,Peri-Urban,97.8,91,1.76242,158.0648202,38.634,34.414,20.922,0.456,5.371,0.203,0.434616
Mwele-Kisurutini,,6,Peri-Urban,98.6,91.1,0.613375,158.0648202,38.634,34.414,20.922,0.456,5.371,0.203,0.434616
Mwele-Kisurutini,,8,Peri-Urban,97.1,91.3,0.503249,158.0648202,38.634,34.414,20.922,0.456,5.371,0.203,0.434616
Mwele-Kisurutini,,10,Peri-Urban,99.9,96.2,2.7918,158.0648202,38.634,34.414,20.922,0.456,5.371,0.203,0.434616
Mwele-Kisurutini,,12,Peri-Urban,96.4,93.6,0.698387,158.0648202,38.634,34.414,20.922,0.456,5.371,0.203,0.434616
Mwele-Kisurutini,,14,Peri-Urban,97.1,94.9,0.498118,158.0648202,38.634,34.414,20.922,0.456,5.371,0.203,0.434616
Mwele-Kisurutini,,16,Peri-Urban,95.5,96.3,1.165992,158.0648202,38.634,34.414,20.922,0.456,5.371,0.203,0.434616
Tsangatsini,,1,Rural,4.7,22.9,18.525132,205.6291009,3.584,50.1,45.366,0.758,0.117,0.072,-0.399493
Tsangatsini,,2,Rural,2.5,41.6,0.886548,205.6291009,3.584,50.1,45.366,0.758,0.117,0.072,-0.399493
Tsangatsini,,3,Rural,0.3,33.1,1.238695,205.6291009,3.584,50.1,45.366,0.758,0.117,0.072,-0.399493
Tsangatsini,,4,Rural,0.6,33.1,0.708056,205.6291009,3.584,50.1,45.366,0.758,0.117,0.072,-0.399493
Tsangatsini,,5,Rural,0.3,26.7,8.767148,205.6291009,3.584,50.1,45.366,0.758,0.117,0.072,-0.399493
Tsangatsini,,6,Rural,0.6,29.2,2.453317,205.6291009,3.584,50.1,45.366,0.758,0.117,0.072,-0.399493
Tsangatsini,,8,Rural,1.6,26.7,3.27636,205.6291009,3.584,50.1,45.366,0.758,0.117,0.072,-0.399493
Tsangatsini,,10,Rural,0.6,25.7,7.904676,205.6291009,3.584,50.1,45.366,0.758,0.117,0.072,-0.399493
Tsangatsini,,12,Rural,2.4,20.3,12.531523,205.6291009,3.584,50.1,45.366,0.758,0.117,0.072,-0.399493
Tsangatsini,,14,Rural,30.5,29.3,1.987835,205.6291009,3.584,50.1,45.366,0.758,0.117,0.072,-0.399493
Tsangatsini,,16,Rural,14.3,32.3,6.828148,205.6291009,3.584,50.1,45.366,0.758,0.117,0.072,-0.399493
Viragoni,,1,Rural,28,49.5,12.868251,241.3193688,8.403,52.735,37.777,1.011,0.035,0.032,-0.309329
Viragoni,,2,Rural,0.9,37.1,0.585477,241.3193688,8.403,52.735,37.777,1.011,0.035,0.032,-0.309329
Viragoni,,3,Rural,6.3,31.7,0.52343,241.3193688,8.403,52.735,37.777,1.011,0.035,0.032,-0.309329
Viragoni,,4,Rural,4.8,41.8,0.12097,241.3193688,8.403,52.735,37.777,1.011,0.035,0.032,-0.309329
Viragoni,,5,Rural,0.5,41.4,1.304614,241.3193688,8.403,52.735,37.777,1.011,0.035,0.032,-0.309329
Viragoni,,6,Rural,0.3,43.1,0.460435,241.3193688,8.403,52.735,37.777,1.011,0.035,0.032,-0.309329
Viragoni,,8,Rural,0.3,38.5,0.222019,241.3193688,8.403,52.735,37.777,1.011,0.035,0.032,-0.309329
Viragoni,,10,Rural,0.7,86.2,2.558854,241.3193688,8.403,52.735,37.777,1.011,0.035,0.032,-0.309329
Viragoni,,12,Rural,1.8,73.4,1.875371,241.3193688,8.403,52.735,37.777,1.011,0.035,0.032,-0.309329
Viragoni,,14,Rural,2,63,0.168,241.3193688,8.403,52.735,37.777,1.011,0.035,0.032,-0.309329
Viragoni,,16,Rural,15.7,58.4,1.727525,241.3193688,8.403,52.735,37.777,1.011,0.035,0.032,-0.309329
Vishakani,,1,Peri-Urban,45.9,69.7,0.032135,207.5979699,35.875,20.692,35.425,4.161,3.792,0.055,0.455798
Vishakani,,2,Peri-Urban,68.1,72.2,0.019291,207.5979699,35.875,20.692,35.425,4.161,3.792,0.055,0.455798
Vishakani,,3,Peri-Urban,67.9,89,0.036177,207.5979699,35.875,20.692,35.425,4.161,3.792,0.055,0.455798
Vishakani,,4,Peri-Urban,72.3,95.3,0.194327,207.5979699,35.875,20.692,35.425,4.161,3.792,0.055,0.455798
Vishakani,,5,Peri-Urban,70.4,94.6,0.024569,207.5979699,35.875,20.692,35.425,4.161,3.792,0.055,0.455798
Vishakani,,6,Peri-Urban,73.7,94.7,0.034762,207.5979699,35.875,20.692,35.425,4.161,3.792,0.055,0.455798
Vishakani,,8,Peri-Urban,69.1,95.5,0.201249,207.5979699,35.875,20.692,35.425,4.161,3.792,0.055,0.455798
Vishakani,,10,Peri-Urban,75.9,96.8,4.43919,207.5979699,35.875,20.692,35.425,4.161,3.792,0.055,0.455798
Vishakani,,12,Peri-Urban,74.6,96.1,1.714528,207.5979699,35.875,20.692,35.425,4.161,3.792,0.055,0.455798
Vishakani,,14,Peri-Urban,70.8,96.9,0.183487,207.5979699,35.875,20.692,35.425,4.161,3.792,0.055,0.455798
Vishakani,,16,Peri-Urban,74.2,96.1,1.054259,207.5979699,35.875,20.692,35.425,4.161,3.792,0.055,0.455798
